<records>
  <record reference="138932">
    <accountNumber>NL90ABNA0585647886</accountNumber>
    <description>Flowers for Richard Bakker</description>
    <startBalance>94.9</startBalance>
    <mutation>+14.63</mutation>
    <endBalance>109.53</endBalance>
  </record>
  <record reference="131254">
    <accountNumber>NL93ABNA0585619023</accountNumber>
    <description>Candy from Vincent de Vries</description>
    <startBalance>5429</startBalance>
    <mutation>-939</mutation>
    <endBalance>6368</endBalance>
  </record>
  <record reference="101339">
    <accountNumber>NL27SNSB0917829871</accountNumber>
    <description>Tickets from Rik King</description>
    <startBalance>84.46</startBalance>
    <mutation>+40.45</mutation>
    <endBalance>124.91</endBalance>
  </record>
  <record reference="119582">
    <accountNumber>NL32RABO0195610843</accountNumber>
    <description>Subscription from Vincent de Vries</description>
    <startBalance>38.86</startBalance>
    <mutation>+28.77</mutation>
    <endBalance>67.63</endBalance>
  </record>
  <record reference="180148">
    <accountNumber>NL32RABO0195610843</accountNumber>
    <description>Candy for Rik de Vries</description>
    <startBalance>51.01</startBalance>
    <mutation>-25.59</mutation>
    <endBalance>25.42</endBalance>
  </record>
  <record reference="152977">
    <accountNumber>NL69ABNA0433647324</accountNumber>
    <description>Flowers from Richard Bakker</description>
    <startBalance>62.17</startBalance>
    <mutation>+20.55</mutation>
    <endBalance>82.72</endBalance>
  </record>
  <record reference="167188">
    <accountNumber>NL91RABO0315273637</accountNumber>
    <description>Subscription for Jan Theuß</description>
    <startBalance>10.1</startBalance>
    <mutation>-0.3</mutation>
    <endBalance>9.8</endBalance>
  </record>
  <record reference="154771">
    <accountNumber>NL43AEGO0773393871</accountNumber>
    <description>Clothes from Rik Theuß</description>
    <startBalance>21.54</startBalance>
    <mutation>-17.57</mutation>
    <endBalance>3.97</endBalance>
  </record>
  <record reference="192480">
    <accountNumber>NL43AEGO0773393871</accountNumber>
    <description>Subscription for Erik de Vries</description>
    <startBalance>3980</startBalance>
    <mutation>+1000</mutation>
    <endBalance>4981</endBalance>
  </record>
  <record reference="181688">
    <accountNumber>NL90ABNA0585647886</accountNumber>
    <description>Flowers for Jan Theuß</description>
    <startBalance>75.39</startBalance>
    <mutation>-32.75</mutation>
    <endBalance>42.64</endBalance>
  </record>
</records>